id,word,traditional,pinyin,pos,meaning_ko
"L6-0001","挨着","挨著","āizhe","표현","~에붙어있다;~의곁에있다"
"L6-0002","挨","挨","ái","동","(고통·매등을)맞다;견디다"
"L6-0003","挨打","挨打","áidǎ","동","매를맞다;얻어맞다"
"L6-0004","安检","安檢","ānjiǎn","동","안전검사를하다;보안검색"
"L6-0005","罢工","罷工","bàgōng","표현","파업하다;파업"
"L6-0006","罢了","罷了","bàle","조","~일뿐이다;~했을뿐이다"
"L6-0007","白领","白領","báilǐng","명","화이트칼라;사무직근로자"
"L6-0008","百分点","百分點","bǎifēndiǎn","명","퍼센트포인트;백분율포인트"
"L6-0009","办公","辦公","bàngōng","표현","사무를보다;업무를처리하다"
"L6-0010","办事处","辦事處","bànshìchù","명","사무소;출장소"
"L6-0011","办学","辦學","bànxué","동","학교를운영하다;교육기관을설립·운영하다"
"L6-0012","半决赛","半決賽","bànjuésài","명","준결승"
"L6-0013","傍晚","傍晚","bàngwǎn","명","해질무렵;저녁무렵"
"L6-0014","保健","保健","bǎojiàn","동","건강을보살피다;건강관리"
"L6-0015","报刊","報刊","bàokān","명","신문과잡지;간행물"
"L6-0016","报考","報考","bàokǎo","동","시험에응시하다;지원하다"
"L6-0017","抱歉","抱歉","bàoqiàn","형","미안하다;유감스럽다"
"L6-0018","暴风雨","暴風雨","bàofēngyǔ","명","폭풍우"
"L6-0019","暴力","暴力","bàolì","명","폭력"
"L6-0020","暴露","暴露","bàolù","동","드러내다;폭로하다;노출되다"
"L6-0021","暴雨","暴雨","bàoyǔ","명","폭우"
"L6-0022","爆","爆","bào","동","터지다;폭발하다;갑자기크게증가하다"
"L6-0023","爆发","爆發","bàofā","동","폭발하다;발발하다;폭발적으로일어나다"
"L6-0024","爆炸","爆炸","bàozhà","동","폭발하다;폭발"
"L6-0025","悲惨","悲慘","bēicǎn","형","비참하다;처참하다"
"L6-0026","背心","背心","bèixīn","명","조끼;민소매셔츠"
"L6-0027","背着","背著","bèizhe","표현","등에지고;업고;~한채"
"L6-0028","被告","被告","bèigào","명","피고;피고인"
"L6-0029","奔跑","奔跑","bēnpǎo","동","달리다;질주하다"
"L6-0030","本","本","běn","대/부","본래;이;현재의(대명사·부사용법)"
"L6-0031","本地","本地","běndì","명","현지;이지역"
"L6-0032","本期","本期","běn qī","표현","이번호;이번기간"
"L6-0033","本身","本身","běnshēn","대","그자체;본인자체"
"L6-0034","本土","本土","běntǔ","명","본토;현지"
"L6-0035","本质","本質","běnzhì","명","본질;본질적인성질"
"L6-0036","逼","逼","bī","동","강요하다;몰아붙이다;닥치다"
"L6-0037","笔试","筆試","bǐshì","동","필기시험;필기로시험을보다"
"L6-0038","必将","必將","bìjiāng","부","반드시~할것이다"
"L6-0039","必修","必修","bìxiū","형","필수과목의;필수이수과목<PARSEDTEXTFORPAGE:2/25>"
"L6-0040","闭","閉","bì","동","닫다;폐쇄하다"
"L6-0041","边缘","邊緣","biānyuán","명","가장자리;주변;경계"
"L6-0042","编制","編制|編製","biānzhì","동","편성하다;편제하다;편제·정원"
"L6-0043","扁","扁","biǎn","형","납작하다;평평하다"
"L6-0044","变更","變更","biàngēng","동","변경하다"
"L6-0045","变换","變換","biànhuàn","동","바꾸다;변환하다"
"L6-0046","变形","變形","biànxíng","표현","변형되다;변형하다"
"L6-0047","便","便","biàn","부/접","곧;바로;그러면;~하면"
"L6-0048","便是","便是","biàn shì","표현","바로~이다;곧~이다"
"L6-0049","遍地","遍地","biàndì","부","도처에;온통"
"L6-0050","表面上","表面上","biǎomiàn shang","표현","표면상;겉으로는"
"L6-0051","病房","病房","bìngfáng","명","병실"
"L6-0052","病情","病情","bìngqíng","명","병세;환자의상태"
"L6-0053","拨打","撥打","bōdǎ","동","(전화번호를)누르다;전화를걸다"
"L6-0054","波动","波動","bōdòng","동","파동하다;오르내리다;변동"
"L6-0055","波浪","波浪","bōlàng","명","파도;물결"
"L6-0056","播","播","bō","동","방송하다;뿌리다;파종하다"
"L6-0057","不便","不便","bùbiàn","형/동","불편하다;불편"
"L6-0058","不见","不見","bùjiàn","동","보이지않다;만나지못하다"
"L6-0059","不料","不料","bùliào","접","뜻밖에;~일줄은몰랐다"
"L6-0060","不再","不再","bùzài","동","더이상~하지않다"
"L6-0061","不至于","不至於","bùzhìyú","동","~할정도까지는아니다;~하지는않다"
"L6-0062","补考","補考","bǔkǎo","동","재시험을보다"
"L6-0063","补课","補課","bǔkè","표현","보충수업을하다"
"L6-0064","补习","補習","bǔxí","동","보충학습하다;과외를받다"
"L6-0065","补助","補助","bǔzhù","동/명","보조하다;보조금"
"L6-0066","捕","捕","bǔ","동","잡다;포획하다"
"L6-0067","不成","不成","bùchéng","동/형","안되다;~할수없다;설마"
"L6-0068","不禁","不禁","bùjīn","부","자기도모르게;금할수없이"
"L6-0069","不仅仅","不僅僅","bù jǐnjǐn","표현","단지~뿐만아니라"
"L6-0070","不通","不通","bùtōng","동","통하지않다;이해되지않다"
"L6-0071","不怎么","不怎麼","bùzěnme","부","그다지~하지않다"
"L6-0072","不怎么样","不怎麼樣","bùzěnmeyàng","표현","별로좋지않다;대단하지않다"
"L6-0073","不值","不值","bùzhí","동","가치가없다;~할가치가없다"
"L6-0074","布满","布滿","bùmǎn","표현","가득차다;빽빽이퍼져있다"
"L6-0075","部队","部隊","bùduì","명","부대;군대"
"L6-0076","采纳","採納","cǎinà","동","채택하다;받아들이다"
"L6-0077","踩","踩","cǎi","동","밟다"
"L6-0078","参赛","參賽","cānsài","동","경기에참가하다"
"L6-0079","参展","參展","cānzhǎn","동","전시회에참가하다;전시하다"
"L6-0080","餐","餐","cān","양","끼니;식사(양사)"
"L6-0081","残疾","殘疾","cánjí","명","장애;신체적장애"
"L6-0082","残疾人","殘疾人","cánjírén","명","장애인"
"L6-0083","残酷","殘酷","cánkù","형","잔혹하다;가혹하다"
"L6-0084","惨","慘","cǎn","형","처참하다;비참하다"
"L6-0085","仓库","倉庫","cāngkù","명","창고<PARSEDTEXTFORPAGE:3/25>"
"L6-0086","藏","藏","cáng","동","숨기다;감추다"
"L6-0087","操纵","操縱","cāozòng","동","조종하다;통제하다"
"L6-0088","厕所","廁所","cèsuǒ","명","화장실"
"L6-0089","侧","側","cè","명/동","측면;옆;한쪽"
"L6-0090","测定","測定","cèdìng","동","측정하여확정하다;측정하다"
"L6-0091","策划","策劃","cèhuà","동","기획하다;계획하다"
"L6-0092","策略","策略","cèlüè","명","전략;책략"
"L6-0093","层面","層面","céngmiàn","명","측면;차원;층위"
"L6-0094","差异","差異","chāyì","명","차이;차별성"
"L6-0095","查出","查出","cháchū","표현","조사하여알아내다;찾아내다"
"L6-0096","查看","查看","chákàn","동","살펴보다;확인하다"
"L6-0097","拆迁","拆遷","chāiqiān","동","철거하고이주시키다;철거이주"
"L6-0098","产量","產量","chǎnliàng","명","생산량"
"L6-0099","昌盛","昌盛","chāngshèng","형","번창하다;융성하다"
"L6-0100","长短","長短","chángduǎn","명","길고짧음;장단점"
"L6-0101","长假","長假","chángjià","명","장기휴가"
"L6-0102","长久","長久","chángjiǔ","형","오래다;장구하다"
"L6-0103","长跑","長跑","chángpǎo","명","장거리달리기"
"L6-0104","长远","長遠","chángyuǎn","형","장기적인;장기적이다"
"L6-0105","常规","常規","chángguī","명","관례;통상적인규칙"
"L6-0106","常年","常年","chángnián","부/명","연중내내;여러해동안"
"L6-0107","厂商","廠商","chǎngshāng","명","제조업체;업체"
"L6-0108","场地","場地","chǎngdì","명","장소;경기장"
"L6-0109","场馆","場館","chǎngguǎn","명","경기장·전시장등의시설"
"L6-0110","场景","場景","chǎngjǐng","명","장면;상황;현장"
"L6-0111","畅通","暢通","chàngtōng","형","막힘없이통하다;원활하다"
"L6-0112","超","超","chāo","동","초과하다;뛰어넘다"
"L6-0113","超出","超出","chāochū","동","초과하다;넘어서다"
"L6-0114","炒","炒","chǎo","동","볶다;볶아만들다"
"L6-0115","炒股","炒股","chǎogǔ","표현","주식투기를하다;주식을거래하다"
"L6-0116","炒作","炒作","chǎozuò","동","과장하여선전하다;이슈를부풀리다"
"L6-0117","车号","車號","chēhào","명","차량번호"
"L6-0118","车牌","車牌","chēpái","명","자동차번호판"
"L6-0119","车展","車展","chēzhǎn","명","자동차전시회"
"L6-0120","撤离","撤離","chèlí","동","철수하다;철수시키다"
"L6-0121","撤销","撤銷","chèxiāo","동","취소하다;철회하다"
"L6-0122","撑","撐","chēng","동","받치다;지탱하다;버티다"
"L6-0123","成","成","chéng","양","~이되다;성립하다(양사:10분의1단위)"
"L6-0124","成分","成分","chéngfèn","명","성분;구성요소"
"L6-0125","成品","成品","chéngpǐn","명","완제품"
"L6-0126","承诺","承諾","chéngnuò","동","약속하다;공약하다"
"L6-0127","城区","城區","chéngqū","명","도심지역;도시구역"
"L6-0128","城乡","城鄉","chéng xiāng","표현","도시와농촌"
"L6-0129","城镇","城鎮","chéngzhèn","명","도시와읍;소도시"
"L6-0130","持有","持有","chíyǒu","동","보유하다;가지고있다"
"L6-0131","冲击","衝擊","chōngjī","동/명","충격을주다;충격<PARSEDTEXTFORPAGE:4/25>"
"L6-0132","重建","重建","chóngjiàn","동","재건하다"
"L6-0133","重组","重組","chóngzǔ","동","재편하다;재조직하다"
"L6-0134","崇拜","崇拜","chóngbài","동","숭배하다;숭배"
"L6-0135","宠物","寵物","chǒngwù","명","애완동물"
"L6-0136","冲","衝","chòng","개/동","~을향해;~을향하여돌진하다;씻어내다"
"L6-0137","出场","出場","chūchǎng","표현","등장하다;출전하다"
"L6-0138","出动","出動","chūdòng","동","출동하다;동원되다"
"L6-0139","出访","出訪","chūfǎng","동","외국을방문하다;공식방문하다"
"L6-0140","出路","出路","chūlù","명","출로;활로;해결책"
"L6-0141","出面","出面","chūmiàn","표현","나서다;직접나서서처리하다"
"L6-0142","出名","出名","chūmíng","표현","유명해지다;이름을날리다"
"L6-0143","出入","出入","chūrù","동/명","출입하다;출입"
"L6-0144","出事","出事","chūshì","표현","사고가나다;일이터지다"
"L6-0145","出台","出臺","chūtái","표현","(정책등을)내놓다;시행에들어가다"
"L6-0146","出行","出行","chūxíng","동","외출하다;이동하다"
"L6-0147","初等","初等","chūděng","형","초등의;초급의"
"L6-0148","除","除","chú","개/동","제외하다;~을빼고;~을제거하다"
"L6-0149","厨师","廚師","chúshī","명","요리사"
"L6-0150","储存","儲存","chǔcún","동","저장하다;보관하다"
"L6-0151","处处","處處","chùchù","부","곳곳에;어디서나"
"L6-0152","处长","處長","chùzhǎng","명","처장;부서장"
"L6-0153","传出","傳出","chuánchū","표현","전해지다;밖으로전달되다"
"L6-0154","传媒","傳媒","chuánméi","명","매체;미디어"
"L6-0155","传输","傳輸","chuánshū","동","전송하다;전달하다"
"L6-0156","传言","傳言","chuányán","명/동","소문;전하다;소문을퍼뜨리다"
"L6-0157","船员","船員","chuányuán","명","선원"
"L6-0158","船长","船長","chuánzhǎng","명","선장"
"L6-0159","船只","船隻","chuánzhī","명","배;선박"
"L6-0160","串","串","chuàn","양/동","꿰다;한줄로잇다;(양사)꿰미·묶음"
"L6-0161","窗口","窗口","chuāngkǒu","명","창구;창문;(컴퓨터)창"
"L6-0162","创办","創辦","chuàngbàn","동","창립하다;설립하다"
"L6-0163","创建","創建","chuàngjiàn","동","창건하다;창설하다"
"L6-0164","创意","創意","chuàngyì","명/동","창의;창의적인아이디어"
"L6-0165","此处","此處","cǐ chù","표현","이곳;여기"
"L6-0166","此次","此次","cǐ cì","표현","이번;이번에"
"L6-0167","此前","此前","cǐqián","명","이전에;이에앞서"
"L6-0168","此事","此事","cǐshì","명","이일;이사건"
"L6-0169","此致","此致","cǐzhì","동","이에~에게(편지끝맺음표현)"
"L6-0170","次数","次數","cìshù","명","횟수"
"L6-0171","从不","從不","cóng bù","표현","전혀~하지않다;한번도~하지않다"
"L6-0172","从没","從沒","cóng méi","표현","한번도~한적이없다"
"L6-0173","醋","醋","cù","명","식초"
"L6-0174","村庄","村莊","cūnzhuāng","명","마을;촌락"
"L6-0175","错过","錯過","cuòguò","동","놓치다;지나치다"
"L6-0176","搭","搭","dā","동","타다;걸치다;설치하다"
"L6-0177","搭档","搭檔","dādàng","동/명","파트너;짝을이루다<PARSEDTEXTFORPAGE:5/25>"
"L6-0178","搭配","搭配","dāpèi","동","배합하다;어울리게조합하다"
"L6-0179","打动","打動","dǎdòng","동","감동시키다;마음을움직이다"
"L6-0180","打断","打斷","dǎduàn","동","중단시키다;말을끊다"
"L6-0181","打发","打發","dǎfa","동","보내다;시간을보내다;처리하다"
"L6-0182","打官司","打官司","dǎ guānsi","표현","소송하다;법정싸움을하다"
"L6-0183","打牌","打牌","dǎpái","동","카드놀이를하다"
"L6-0184","打印机","打印機","dǎyìnjī","명","프린터"
"L6-0185","打造","打造","dǎzào","동","만들어내다;구축하다;다듬어만들다"
"L6-0186","大道","大道","dàdào","명","큰길;대로"
"L6-0187","大街","大街","dàjiē","명","큰길;번화가"
"L6-0188","大力","大力","dàlì","부","대대적으로;힘껏"
"L6-0189","大米","大米","dàmǐ","명","쌀;멥쌀"
"L6-0190","大批","大批","dàpī","형","대량의;많은"
"L6-0191","大赛","大賽","dàsài","명","대회;큰경기"
"L6-0192","大师","大師","dàshī","명","대가;거장"
"L6-0193","大使","大使","dàshǐ","명","대사"
"L6-0194","待会儿","待會兒","dāihuìr","표현","잠시후;이따가"
"L6-0195","担忧","擔憂","dānyōu","동","걱정하다;우려하다"
"L6-0196","单打","單打","dāndǎ","명","단식경기"
"L6-0197","诞生","誕生","dànshēng","동","탄생하다;출생하다"
"L6-0198","党","黨","dǎng","명","정당;당"
"L6-0199","当","當","dàng","동","~로여기다;~로간주하다"
"L6-0200","当成","當成","dàngchéng","동","~로여기다;~로간주하다"
"L6-0201","当天","當天","dàngtiān","명","당일;그날"
"L6-0202","当作","當作","dàngzuò","동","~로여기다;~로간주하다"
"L6-0203","档","檔","dàng","명","서류철;파일;등급"
"L6-0204","档案","檔案","dàng'àn","명","서류;문서파일;기록"
"L6-0205","岛","島","dǎo","명","섬"
"L6-0206","到期","到期","dàoqī","표현","기한이되다;만기가되다"
"L6-0207","盗版","盜版","dàobǎn","명","해적판;불법복제판"
"L6-0208","道教","道教","Dàojiào","명","도교"
"L6-0209","道歉","道歉","dàoqiàn","표현","사과하다"
"L6-0210","低头","低頭","dītóu","표현","고개를숙이다"
"L6-0211","低温","低溫","dīwēn","명","저온;낮은온도"
"L6-0212","滴","滴","dī","동/양","한방울;방울지다;떨어뜨리다"
"L6-0213","抵达","抵達","dǐdá","동","도착하다"
"L6-0214","抵抗","抵抗","dǐkàng","동","저항하다;저항"
"L6-0215","地板","地板","dìbǎn","명","바닥;마루"
"L6-0216","地名","地名","dìmíng","명","지명"
"L6-0217","地下室","地下室","dìxiàshì","명","지하실"
"L6-0218","电车","電車","diànchē","명","전차;전철"
"L6-0219","电动","電動","diàndòng","형","전동의;전기로움직이는"
"L6-0220","电力","電力","diànlì","명","전력;전기에너지"
"L6-0221","电器","電器","diànqì","명","전기제품;가전제품"
"L6-0222","吊","吊","diào","동","매달다;걸다;들어올리다"
"L6-0223","调研","調研","diàoyán","동","조사연구하다;조사·연구<PARSEDTEXTFORPAGE:6/25>"
"L6-0224","跌","跌","diē","동","떨어지다;넘어지다;급락하다"
"L6-0225","定价","定價","dìngjià","명","가격을정하다;정가"
"L6-0226","定时","定時","dìngshí","동/명","정시에;시간을정해놓다"
"L6-0227","定位","定位","dìngwèi","표현","위치를정하다;위치를설정하다;포지셔닝"
"L6-0228","动画","動畫","dònghuà","명","애니메이션;만화영화"
"L6-0229","斗争","鬥爭","dòuzhēng","동/명","투쟁하다;투쟁"
"L6-0230","都市","都市","dūshì","명","도시;대도시"
"L6-0231","毒品","毒品","dúpǐn","명","마약;유해약물"
"L6-0232","赌","賭","dǔ","동","내기하다;도박하다"
"L6-0233","赌博","賭博","dǔbó","동","도박하다;도박"
"L6-0234","渡","渡","dù","동","건너다;나룻배로건네다"
"L6-0235","端","端","duān","동","들다;받들다;(끝을)잡다"
"L6-0236","端午节","端午節","Duānwǔ Jié","명","단오절"
"L6-0237","短片","短片","duǎnpiàn","명","단편영화;짧은영상"
"L6-0238","队伍","隊伍","duìwu","명","대열;부대;팀"
"L6-0239","对抗","對抗","duìkàng","동","대항하다;맞서다"
"L6-0240","对外","對外","duìwài","동","대외적으로;외부를상대로"
"L6-0241","蹲","蹲","dūn","동","쪼그려앉다;웅크리다"
"L6-0242","多半","多半","duōbàn","수/부","대부분;십중팔구"
"L6-0243","多方面","多方面","duō fāngmiàn","표현","여러방면;다방면"
"L6-0244","多媒体","多媒體","duōméitǐ","명","멀티미디어"
"L6-0245","夺","奪","duó","동","빼앗다;탈취하다"
"L6-0246","夺取","奪取","duóqǔ","동","탈취하다;쟁취하다"
"L6-0247","恩人","恩人","ēnrén","명","은인"
"L6-0248","儿科","兒科","érkē","명","소아과"
"L6-0249","发病","發病","fābìng","표현","병이나다;발병하다"
"L6-0250","发电","發電","fādiàn","표현","발전하다;전기를생산하다"
"L6-0251","发放","發放","fāfàng","동","지급하다;배포하다"
"L6-0252","发怒","發怒","fānù","표현","화를내다;노하다"
"L6-0253","发起","發起","fāqǐ","동","발기하다;시작하다;제기하다"
"L6-0254","发言人","發言人","fāyánrén","명","대변인;발언자"
"L6-0255","发炎","發炎","fāyán","동","염증이생기다;염증이나다"
"L6-0256","法庭","法庭","fǎtíng","명","법정"
"L6-0257","法语","法語","Fǎyǔ","명","프랑스어"
"L6-0258","番","番","fān","양","차례;번(양사)"
"L6-0259","番茄","番茄","fānqié","명","토마토"
"L6-0260","凡是","凡是","fánshì","부","무릇~하는것은;~하는모두"
"L6-0261","繁殖","繁殖","fánzhí","동","번식하다;증식하다"
"L6-0262","反抗","反抗","fǎnkàng","동","반항하다;저항하다"
"L6-0263","反问","反問","fǎnwèn","동","반문하다;반문"
"L6-0264","反响","反響","fǎnxiǎng","명","반향;반응"
"L6-0265","犯","犯","fàn","동","범하다;저지르다"
"L6-0266","犯规","犯規","fànguī","표현","반칙하다;규칙을어기다"
"L6-0267","犯罪","犯罪","fànzuì","표현","범죄를저지르다;범죄"
"L6-0268","防范","防範","fángfàn","동","방비하다;예방하고경계하다"
"L6-0269","防守","防守","fángshǒu","동","방어하다;수비하다<PARSEDTEXTFORPAGE:7/25>"
"L6-0270","房价","房價","fángjià","명","집값;주택가격"
"L6-0271","仿佛","彷彿","fǎngfú","부","마치~인듯하다"
"L6-0272","飞船","飛船","fēichuán","명","우주선"
"L6-0273","飞行员","飛行員","fēixíngyuán","명","비행사;조종사"
"L6-0274","肺","肺","fèi","명","폐;허파"
"L6-0275","分工","分工","fēngōng","표현","분업;역할분담"
"L6-0276","分裂","分裂","fēnliè","동","분열하다;분열"
"L6-0277","愤怒","憤怒","fènnù","형","분노하다;화가난"
"L6-0278","风暴","風暴","fēngbào","명","폭풍;폭풍우"
"L6-0279","峰会","峰會","fēnghuì","명","정상회담"
"L6-0280","奉献","奉獻","fèngxiàn","동","바치다;헌신하다"
"L6-0281","佛","佛","fó","명","부처;불교"
"L6-0282","佛教","佛教","Fójiào","명","불교"
"L6-0283","服","服","fú","동","복종하다;따르다"
"L6-0284","浮","浮","fú","동","뜨다;떠오르다"
"L6-0285","父女","父女","fùnǚ","명","아버지와딸"
"L6-0286","父子","父子","fùzǐ","명","아버지와아들"
"L6-0287","负","負","fù","동","지다;부담하다;마이너스가되다"
"L6-0288","妇女","婦女","fùnǚ","명","부녀;여성"
"L6-0289","复苏","復甦","fùsū","동","회복하다;되살아나다"
"L6-0290","副","副","fù","형","부(副)의;부수적인"
"L6-0291","副","副","fù","양","한쌍;한벌;한세트(양사)"
"L6-0292","富人","富人","fùrén","명","부자;부유한사람"
"L6-0293","富有","富有","fùyǒu","형/동","풍부하다;~을풍부하게가지고있다"
"L6-0294","改装","改裝","gǎizhuāng","동","개조하다;장비를바꾸다"
"L6-0295","干涉","干涉","gānshè","동","간섭하다;개입하다"
"L6-0296","肝","肝","gān","명","간"
"L6-0297","杆","桿","gǎn","명","막대기;봉"
"L6-0298","赶不上","趕不上","gǎnbushàng","동","따라잡지못하다;시간에맞추지못하다"
"L6-0299","赶忙","趕忙","gǎnmáng","부","서둘러;급히"
"L6-0300","赶上","趕上","gǎnshàng","표현","따라잡다;때맞춰도착하다;운좋게만나다"
"L6-0301","敢于","敢於","gǎnyú","동","감히~하다;~할용기가있다"
"L6-0302","感人","感人","gǎnrén","형","감동적이다;감동을주다"
"L6-0303","刚好","剛好","gānghǎo","부","마침;꼭알맞게"
"L6-0304","岗位","崗位","gǎngwèi","명","직위;일자리;직책"
"L6-0305","港口","港口","gǎngkǒu","명","항구"
"L6-0306","高层","高層","gāocéng","명/형","고위층;높은층"
"L6-0307","高档","高檔","gāodàng","형","고급의;고급품"
"L6-0308","高等","高等","gāoděng","형","고등의;높은수준의"
"L6-0309","高峰","高峰","gāofēng","명","최고점;절정;피크"
"L6-0310","高考","高考","gāokǎo","명","중국대학입학시험"
"L6-0311","高科技","高科技","gāokējì","명","첨단기술;하이테크"
"L6-0312","高手","高手","gāoshǒu","명","고수;뛰어난사람"
"L6-0313","稿子","稿子","gǎozi","명","원고;초안"
"L6-0314","歌唱","歌唱","gēchàng","동","노래하다;가창하다"
"L6-0315","歌词","歌詞","gēcí","명","가사<PARSEDTEXTFORPAGE:8/25>"
"L6-0316","歌星","歌星","gēxīng","명","가수;인기가수"
"L6-0317","革新","革新","géxīn","동/명","혁신하다;혁신"
"L6-0318","更是","更是","gèng shì","표현","더욱~하다;더더욱"
"L6-0319","工商","工商","gōngshāng","명","상공업;산업·상업"
"L6-0320","公","公","gōng","형","공적인;공공의"
"L6-0321","公安","公安","gōng'ān","명","공안;치안기관"
"L6-0322","公鸡","公雞","gōngjī","명","수탉"
"L6-0323","公众","公眾","gōngzhòng","명","대중;일반대중"
"L6-0324","公主","公主","gōngzhǔ","명","공주"
"L6-0325","攻击","攻擊","gōngjī","동","공격하다;공격"
"L6-0326","供给","供給","gōngjǐ","동","공급하다;공급"
"L6-0327","宫","宮","gōng","명","궁전;궁"
"L6-0328","巩固","鞏固","gǒnggù","형/동","공고히하다;굳건하다"
"L6-0329","贡献","貢獻","gòngxiàn","동/명","공헌하다;공헌"
"L6-0330","构建","構建","gòujiàn","동","구축하다;건설하다"
"L6-0331","孤独","孤獨","gūdú","형","고독하다;외롭다"
"L6-0332","孤儿","孤兒","gū'ér","명","고아"
"L6-0333","姑姑","姑姑","gūgu","명","고모;아버지의여자형제"
"L6-0334","古典","古典","gǔdiǎn","형","고전의;클래식한"
"L6-0335","股","股","gǔ","양","주식;(허벅지·끈등의)한가닥(양사)"
"L6-0336","股东","股東","gǔdōng","명","주주"
"L6-0337","股票","股票","gǔpiào","명","주식"
"L6-0338","故障","故障","gùzhàng","명","고장;장애"
"L6-0339","顾","顧","gù","동","돌보다;고려하다"
"L6-0340","刮","刮|颳","guā","동","불다;긁어내다;바람이불다"
"L6-0341","拐","拐","guǎi","동","꺾다;납치하다;돌아서다"
"L6-0342","关爱","關愛","guān'ài","동","관심과사랑을베풀다;배려하다"
"L6-0343","关联","關聯","guānlián","동","관련되다;연관시키다"
"L6-0344","观光","觀光","guānguāng","동","관광하다;관광"
"L6-0345","官司","官司","guānsi","명","소송;법적분쟁"
"L6-0346","管道","管道","guǎndào","명","통로;파이프라인;경로"
"L6-0347","光辉","光輝","guānghuī","명/형","광휘;빛나다"
"L6-0348","广阔","廣闊","guǎngkuò","형","광활하다;넓다"
"L6-0349","轨道","軌道","guǐdào","명","궤도"
"L6-0350","跪","跪","guì","동","무릎꿇다"
"L6-0351","国产","國產","guóchǎn","형","국산의"
"L6-0352","国歌","國歌","guógē","명","국가;애국가"
"L6-0353","国会","國會","guóhuì","명","국회"
"L6-0354","国旗","國旗","guóqí","명","국기"
"L6-0355","国王","國王","guówáng","명","국왕"
"L6-0356","果酱","果醬","guǒjiàng","명","잼"
"L6-0357","果树","果樹","guǒshù","명","과일나무;과수"
"L6-0358","过渡","過渡","guòdù","동","과도하다;이행하다;과도기"
"L6-0359","过后","過後","guòhòu","명","그후;지나간뒤"
"L6-0360","过时","過時","guòshí","형","시대에뒤떨어지다;유행이지나다"
"L6-0361","海报","海報","hǎibào","명","포스터;전단<PARSEDTEXTFORPAGE:9/25>"
"L6-0362","海底","海底","hǎidǐ","명","해저;바닷속"
"L6-0363","海军","海軍","hǎijūn","명","해군"
"L6-0364","海浪","海浪","hǎilàng","명","파도"
"L6-0365","海外","海外","hǎiwài","명","해외"
"L6-0366","海湾","海灣","hǎiwān","명","만;바다의만"
"L6-0367","海洋","海洋","hǎiyáng","명","해양;바다"
"L6-0368","好（不）容易","好（不）容易","hǎo(bù)róngyì","형","겨우;어렵사리;쉽지않게"
"L6-0369","好似","好似","hǎosì","동","마치~와같다"
"L6-0370","好转","好轉","hǎozhuǎn","동","호전되다;좋아지다"
"L6-0371","好学","好學","hàoxué","동","배우기를좋아하다;학구적이다"
"L6-0372","合约","合約","héyuē","명","계약;약정"
"L6-0373","和谐","和諧","héxié","형","조화롭다;화목하다"
"L6-0374","核心","核心","héxīn","명","핵심"
"L6-0375","黑夜","黑夜","hēiyè","명","한밤중;어두운밤"
"L6-0376","很难说","很難說","hěn nánshuō","표현","말하기어렵다;확실히말하기어렵다"
"L6-0377","狠","狠","hěn","형","독하다;매섭다;심하게"
"L6-0378","横","橫","héng","동/형","가로지르다;가로의"
"L6-0379","衡量","衡量","héngliáng","동","가늠하다;따져보다;평가하다"
"L6-0380","宏大","宏大","hóngdà","형","웅장하다;거대하다"
"L6-0381","洪水","洪水","hóngshuǐ","명","홍수"
"L6-0382","忽略","忽略","hūlüè","동","소홀히하다;무시하다"
"L6-0383","壶","壺","hú","명/양","항아리;주전자(양사:주전자등)"
"L6-0384","互动","互動","hùdòng","동","상호작용하다;교류하다"
"L6-0385","户外","戶外","hùwài","명","야외;실외"
"L6-0386","护","護","hù","동","보호하다;지키다"
"L6-0387","花费","花費","huāfèi","동","소비하다;(시간·돈을)들이다"
"L6-0388","花瓶","花瓶","huāpíng","명","꽃병"
"L6-0389","花生","花生","huāshēng","명","땅콩"
"L6-0390","化解","化解","huàjiě","동","해소하다;풀다"
"L6-0391","幻想","幻想","huànxiǎng","동/명","환상하다;환상"
"L6-0392","患者","患者","huànzhě","명","환자"
"L6-0393","皇帝","皇帝","huángdì","명","황제"
"L6-0394","回应","回應","huíyìng","동","응답하다;반응하다"
"L6-0395","毁","毀","huǐ","동","망치다;파괴하다"
"L6-0396","会见","會見","huìjiàn","동","회견하다;만나다"
"L6-0397","会长","會長","huìzhǎng","명","회장"
"L6-0398","绘画","繪畫","huìhuà","동","그림을그리다;회화"
"L6-0399","昏","昏","hūn","동","정신을잃다;어두워지다"
"L6-0400","混","混","hùn","동/부","섞이다;되는대로살다;얼버무리다"
"L6-0401","混合","混合","hùnhé","동","혼합하다;섞다"
"L6-0402","混乱","混亂","hùnluàn","형","혼란스럽다;혼란"
"L6-0403","活跃","活躍","huóyuè","형/동","활발하다;활약하다"
"L6-0404","火箭","火箭","huǒjiàn","명","로켓"
"L6-0405","机动车","機動車","jīdòngchē","명","자동차;동력차량"
"L6-0406","机关","機關","jīguān","명","기관;조직;기구"
"L6-0407","机械","機械","jīxiè","명","기계;기계장치<PARSEDTEXTFORPAGE:10/25>"
"L6-0408","基督教","基督教","Jīdūjiào","명","기독교"
"L6-0409","激情","激情","jīqíng","명","열정;격정"
"L6-0410","吉利","吉利","jílì","형","길하다;운이좋다"
"L6-0411","吉祥","吉祥","jíxiáng","형","길상;상서롭다"
"L6-0412","极端","極端","jíduān","명/형","극단;극단적이다"
"L6-0413","急救","急救","jíjiù","동","응급처치하다;응급구조"
"L6-0414","疾病","疾病","jíbìng","명","질병"
"L6-0415","集","集","jí","명/양","모으다;집;집(작품·연속물등의한편)"
"L6-0416","给予","給予","jǐyǔ","동","주다;부여하다"
"L6-0417","加盟","加盟","jiāméng","동","가맹하다;가입하다"
"L6-0418","家电","家電","jiādiàn","명","가전제품"
"L6-0419","家园","家園","jiāyuán","명","고향;삶의터전"
"L6-0420","嘉宾","嘉賓","jiābīn","명","귀빈;초대손님"
"L6-0421","假日","假日","jiàrì","명","휴일;연휴"
"L6-0422","尖","尖","jiān","형","뾰족하다;날카롭다"
"L6-0423","监测","監測","jiāncè","동","감시·측정하다;모니터링하다"
"L6-0424","监督","監督","jiāndū","동/명","감독하다;감독"
"L6-0425","捡","撿","jiǎn","동","줍다;주워모으다"
"L6-0426","简介","簡介","jiǎnjiè","동/명","간단히소개하다;소개"
"L6-0427","剑","劍","jiàn","명","검;칼"
"L6-0428","鉴定","鑑定","jiàndìng","동/명","감정하다;감정;판정하다"
"L6-0429","箭","箭","jiàn","명","화살"
"L6-0430","将军","將軍","jiāngjūn","명","장군"
"L6-0431","讲课","講課","jiǎngkè","표현","수업하다;강의하다"
"L6-0432","酱","醬","jiàng","명","장;소스"
"L6-0433","酱油","醬油","jiàngyóu","명","간장"
"L6-0434","骄傲","驕傲","jiāo'ào","형/명","자랑스럽다;교만하다;자부심"
"L6-0435","焦点","焦點","jiāodiǎn","명","초점;관심의중심"
"L6-0436","脚印","腳印","jiǎoyìn","명","발자국"
"L6-0437","觉","覺","jiào","명","잠;수면"
"L6-0438","教堂","教堂","jiàotáng","명","교회;성당"
"L6-0439","教育部","教育部","jiàoyùbù","명","교육부"
"L6-0440","接收","接收","jiēshōu","동","받아들이다;수신하다"
"L6-0441","揭","揭","jiē","동","벗기다;폭로하다;들추다"
"L6-0442","街头","街頭","jiētóu","명","거리;길거리"
"L6-0443","节","節","jié","동","절약하다;아끼다"
"L6-0444","节假日","節假日","jiéjiàrì","명","명절과휴일;연휴"
"L6-0445","节能","節能","jiénéng","동","에너지를절약하다;에너지절약"
"L6-0446","节奏","節奏","jiézòu","명","리듬;박자;속도"
"L6-0447","杰出","傑出","jiéchū","형","뛰어나다;걸출하다"
"L6-0448","截止","截止","jiézhǐ","동","마감되다;마감하다"
"L6-0449","截至","截至","jiézhì","동","~까지;~을기준으로하여"
"L6-0450","解","解","jiě","동","풀다;해결하다;이해하다"
"L6-0451","解说","解說","jiěshuō","동","해설하다;해설"
"L6-0452","界","界","jiè","명","분야;계;범위"
"L6-0453","界（文艺界）","界（文藝界）","jiè(wényìjiè)","접미","~계;~분야(예:문예계)<PARSEDTEXTFORPAGE:11/25>"
"L6-0454","借鉴","借鑒","jièjiàn","동","본받다;참고하다"
"L6-0455","金额","金額","jīn'é","명","금액"
"L6-0456","金钱","金錢","jīnqián","명","돈;금전"
"L6-0457","金融","金融","jīnróng","명","금융"
"L6-0458","尽","盡","jìn","동/부","다하다;전부;가능한한"
"L6-0459","进攻","進攻","jìngōng","동","공격하다;공세를취하다"
"L6-0460","近日","近日","jìnrì","명","요즘;최근"
"L6-0461","近视","近視","jìnshì","형","근시이다;근시"
"L6-0462","惊人","驚人","jīngrén","형","놀랄만하다;경이롭다"
"L6-0463","惊喜","驚喜","jīngxǐ","형/명","뜻밖의기쁨;놀라움과기쁨"
"L6-0464","精","精","jīng","형","정교하다;뛰어나다;정밀하다"
"L6-0465","精美","精美","jīngměi","형","정교하고아름답다"
"L6-0466","精品","精品","jīngpǐn","명","명품;우수제품"
"L6-0467","井","井","jǐng","명","우물"
"L6-0468","景","景","jǐng","명","경치;풍경"
"L6-0469","景点","景點","jǐngdiǎn","명","관광명소"
"L6-0470","净","淨","jìng","형/부","깨끗하다;순전히;오로지"
"L6-0471","纠纷","糾紛","jiūfēn","명","분쟁;다툼"
"L6-0472","纠正","糾正","jiūzhèng","동","바로잡다;수정하다"
"L6-0473","酒水","酒水","jiǔshuǐ","명","술과음료"
"L6-0474","救命","救命","jiùmìng","표현","살려주세요;목숨을구하다"
"L6-0475","救援","救援","jiùyuán","동","구조하다;구호"
"L6-0476","救助","救助","jiùzhù","동","구조하다;돕다"
"L6-0477","就是说","就是說","jiùshìshuō","표현","그러니까;즉"
"L6-0478","就算","就算","jiùsuàn","접","설령~하더라도;~라고해도"
"L6-0479","局","局","jú","양","판;국면(양사)"
"L6-0480","剧","劇","jù","명","연극;드라마"
"L6-0481","据","據","jù","개","~에따르면;~에의거하여"
"L6-0482","捐","捐","juān","동","기부하다;기부"
"L6-0483","捐款","捐款","juānkuǎn","명","기부금"
"L6-0484","捐赠","捐贈","juānzèng","동","기부하다;기증하다"
"L6-0485","捐助","捐助","juānzhù","동","기부하여돕다;후원하다"
"L6-0486","决策","決策","juécè","동/명","결정하다;의사결정"
"L6-0487","觉悟","覺悟","juéwù","동/명","각성하다;깨닫다;자각"
"L6-0488","绝","絕","jué","형/부","절대로;완전히;끊다"
"L6-0489","绝大多数","絕大多數","jué dàduōshù","표현","절대다수;거의대부분"
"L6-0490","军队","軍隊","jūnduì","명","군대"
"L6-0491","军舰","軍艦","jūnjiàn","명","군함"
"L6-0492","军事","軍事","jūnshì","명","군사;군사적인"
"L6-0493","开创","開創","kāichuàng","동","개척하다;창시하다"
"L6-0494","开关","開關","kāiguān","명","스위치;개폐장치"
"L6-0495","开设","開設","kāishè","동","설립하다;개설하다"
"L6-0496","开通","開通","kāitōng","동","개통하다;개설하다"
"L6-0497","开头","開頭","kāitóu","명","처음;시작"
"L6-0498","开夜车","開夜車","kāi yèchē","표현","밤늦게까지공부하다;밤샘작업하다"
"L6-0499","看","看","kān","동","지키다;돌보다;감시하다<PARSEDTEXTFORPAGE:12/25>"
"L6-0500","看管","看管","kānguǎn","동","보살피며관리하다;지키다"
"L6-0501","看得见","看得見","kàndejiàn","동","볼수있다;눈에보이다"
"L6-0502","看得起","看得起","kàndeqǐ","동","존중하다;높이평가하다"
"L6-0503","看好","看好","kànhǎo","동","좋게보다;전망을낙관하다"
"L6-0504","看作","看作","kànzuò","동","~로여기다"
"L6-0505","康复","康復","kāngfù","동","회복하다;건강을되찾다"
"L6-0506","抗议","抗議","kàngyì","동","항의하다;항의"
"L6-0507","考场","考場","kǎochǎng","명","시험장"
"L6-0508","考题","考題","kǎotí","명","시험문제"
"L6-0509","科研","科研","kēyán","동/명","과학연구;연구하다"
"L6-0510","客车","客車","kèchē","명","여객버스"
"L6-0511","肯","肯","kěn","동","기꺼이~하다;승낙하다"
"L6-0512","空军","空軍","kōngjūn","명","공군"
"L6-0513","口试","口試","kǒushì","동","구술시험;구두시험을보다"
"L6-0514","扣","扣","kòu","동","채우다;공제하다;잠그다"
"L6-0515","酷","酷","kù","형","멋지다;쿨하다;잔혹하다"
"L6-0516","跨","跨","kuà","동","넘다;걸쳐있다"
"L6-0517","快车","快車","kuàichē","명","급행열차;빠른차량"
"L6-0518","宽阔","寬闊","kuānkuò","형","넓고훤하다"
"L6-0519","矿","礦","kuàng","명","광산;광물"
"L6-0520","阔","闊","kuò","형","넓다;넉넉하다"
"L6-0521","啦","啦","la","조","~구나;~야(어기조사)"
"L6-0522","来往","來往","láiwǎng","동","왕래하다;오가다"
"L6-0523","赖","賴","lài","동/형","의지하다;억지로버티다;나쁘다"
"L6-0524","栏目","欄目","lánmù","명","프로그램코너;칼럼"
"L6-0525","蓝领","藍領","lánlǐng","명","블루칼라;생산직근로자"
"L6-0526","蓝天","藍天","lán tiān","표현","푸른하늘"
"L6-0527","懒","懶","lǎn","형","게으르다"
"L6-0528","牢","牢","láo","형","단단하다;견고하다"
"L6-0529","老乡","老鄉","lǎoxiāng","명","고향사람"
"L6-0530","冷气","冷氣","lěngqì","명","냉기;에어컨"
"L6-0531","冷水","冷水","lěngshuǐ","명","찬물"
"L6-0532","礼堂","禮堂","lǐtáng","명","강당"
"L6-0533","理","理","lǐ","동/명","다스리다;이치;따지다"
"L6-0534","理财","理財","lǐcái","표현","재테크하다;재산을관리하다"
"L6-0535","理智","理智","lǐzhì","명/형","이성적이다;이성"
"L6-0536","力（影响力）","力（影響力）","lì(yǐngxiǎnglì)","접미","~력;힘(예:영향력)"
"L6-0537","利","利","lì","명","이익;이롭다"
"L6-0538","联盟","聯盟","liánméng","명","연맹;동맹"
"L6-0539","联赛","聯賽","liánsài","명","리그전"
"L6-0540","联手","聯手","liánshǒu","동","손잡다;협력하다"
"L6-0541","凉鞋","涼鞋","liángxié","명","샌들"
"L6-0542","两侧","兩側","liǎngcè","명","양쪽;양측"
"L6-0543","两手","兩手","liǎngshǒu","명","두손;양손"
"L6-0544","聊","聊","liáo","동","이야기하다;잠깐이야기하다"
"L6-0545","聊天儿","聊天兒","liáotiānr","표현","수다를떨다;이야기하다<PARSEDTEXTFORPAGE:13/25>"
"L6-0546","料","料","liào","동","예상하다;짐작하다"
"L6-0547","料","料","liào","명","재료;원료"
"L6-0548","裂","裂","liè","동","찢어지다;갈라지다"
"L6-0549","灵活","靈活","línghuó","형","융통성있다;유연하다"
"L6-0550","领取","領取","lǐngqǔ","동","수령하다;받다"
"L6-0551","领袖","領袖","lǐngxiù","명","지도자;영수"
"L6-0552","另","另","lìng","대/부","따로;다른;별도로"
"L6-0553","留言","留言","liúyán","동/명","메시지를남기다;남긴말"
"L6-0554","流感","流感","liúgǎn","명","독감"
"L6-0555","楼道","樓道","lóudào","명","복도;건물층계통로"
"L6-0556","楼房","樓房","lóufáng","명","층집;건물"
"L6-0557","露","露","lòu","동","드러내다;나타내다"
"L6-0558","陆军","陸軍","lùjūn","명","육군"
"L6-0559","录像","錄像","lùxiàng","동/명","녹화하다;녹화영상"
"L6-0560","录音机","錄音機","lùyīnjī","명","녹음기"
"L6-0561","路过","路過","lùguò","동","지나가다;지나치다"
"L6-0562","露","露","lù","동","이슬;드러나다"
"L6-0563","旅店","旅店","lǚdiàn","명","여관;숙소"
"L6-0564","绿化","綠化","lǜhuà","동","녹화하다;조경하다"
"L6-0565","马车","馬車","mǎchē","명","마차"
"L6-0566","嘛","嘛","ma","조","~잖아;~니까(어기조사)"
"L6-0567","埋","埋","mái","동","묻다;매장하다"
"L6-0568","馒头","饅頭","mántou","명","만터우;찐빵"
"L6-0569","慢车","慢車","mànchē","명","완행열차;느린차량"
"L6-0570","盲人","盲人","mángrén","명","시각장애인;맹인"
"L6-0571","梅花","梅花","méihuā","명","매화"
"L6-0572","美容","美容","měiróng","동","미용하다;미용"
"L6-0573","蒙","蒙","mēng","동","속이다;얼떨결에맞히다"
"L6-0574","蒙","蒙","méng","동","받다;입다;뒤집어쓰다"
"L6-0575","猛","猛","měng","형","사납다;맹렬하다;갑자기"
"L6-0576","棉","棉","mián","명","목화;면"
"L6-0577","免得","免得","miǎnde","접","~하지않도록;~을면하기위해"
"L6-0578","面对面","面對面","miànduìmiàn","표현","마주보고;대면하여"
"L6-0579","面向","面嚮","miànxiàng","동","~을향하다;~을대상으로하다"
"L6-0580","妙","妙","miào","형","묘하다;기묘하다"
"L6-0581","灭","滅","miè","동","없애다;소멸시키다;불을끄다"
"L6-0582","民歌","民歌","míngē","명","민요"
"L6-0583","民工","民工","míngōng","명","농민공;도시로일하러온농촌노동자"
"L6-0584","民警","民警","mínjǐng","명","인민경찰;민경"
"L6-0585","民意","民意","mínyì","명","민의;국민여론"
"L6-0586","民主","民主","mínzhǔ","명/형","민주;민주적이다"
"L6-0587","名额","名額","míng'é","명","정원;할당인원"
"L6-0588","名胜","名勝","míngshèng","명","명승지"
"L6-0589","名义","名義","míngyì","명","명목;명의"
"L6-0590","名誉","名譽","míngyù","명/형","명예"
"L6-0591","明日","明日","míngrì","명","내일;다음날<PARSEDTEXTFORPAGE:14/25>"
"L6-0592","命","命","mìng","명","목숨;운명"
"L6-0593","膜","膜","mó","명","막;막조직"
"L6-0594","磨","磨","mó","동","갈다;닳게하다"
"L6-0595","没收","沒收","mòshōu","동","몰수하다"
"L6-0596","墨水","墨水","mòshuǐ","명","잉크"
"L6-0597","母","母","mǔ","형/명","어머니의;모체;어머니"
"L6-0598","母鸡","母雞","mǔjī","명","암탉"
"L6-0599","母女","母女","mǔnǚ","명","어머니와딸"
"L6-0600","母子","母子","mǔzǐ","명","어머니와아들"
"L6-0601","墓","墓","mù","명","무덤"
"L6-0602","拿走","拿走","názǒu","표현","가져가다"
"L6-0603","奶粉","奶粉","nǎifěn","명","분유"
"L6-0604","奶牛","奶牛","nǎiniú","명","젖소"
"L6-0605","难忘","難忘","nánwàng","동","잊기어렵다;잊을수없다"
"L6-0606","内地","內地","nèidì","명","내륙;본토"
"L6-0607","内外","內外","nèiwài","명","안팎;내외"
"L6-0608","内衣","內衣","nèiyī","명","속옷"
"L6-0609","能否","能否","néngfǒu","동","~할수있는지여부"
"L6-0610","泥","泥","ní","명","진흙"
"L6-0611","扭","扭","niǔ","동","비틀다;꼬다;삐다"
"L6-0612","排行榜","排行榜","páihángbǎng","명","순위표;랭킹"
"L6-0613","派出","派出","pàichū","표현","파견하다;보내다"
"L6-0614","判","判","pàn","동","판결하다;판단하다"
"L6-0615","盼望","盼望","pànwàng","동","간절히바라다;기대하다"
"L6-0616","泡","泡","pào","동/명","담그다;물에불리다;거품"
"L6-0617","炮","炮","pào","명","대포;포"
"L6-0618","陪同","陪同","péitóng","동","동행하다;배석하다"
"L6-0619","配置","配置","pèizhì","동","배치하다;설정하다;구성"
"L6-0620","皮球","皮球","píqiú","명","고무공;공"
"L6-0621","偏","偏","piān","형/부","치우치다;유난히;편향되다"
"L6-0622","贫困","貧困","pínkùn","형","빈곤하다;가난하다"
"L6-0623","品牌","品牌","pǐnpái","명","브랜드;상표"
"L6-0624","聘请","聘請","pìnqǐng","동","초빙하다;고용하다"
"L6-0625","平凡","平凡","píngfán","형","평범하다"
"L6-0626","平方米","平方米","píngfāngmǐ","양","제곱미터"
"L6-0627","平衡","平衡","pínghéng","형","균형잡다;균형"
"L6-0628","平台","平臺","píngtái","명","플랫폼;무대"
"L6-0629","评","評","píng","동","평가하다;논평하다"
"L6-0630","评选","評選","píngxuǎn","동","평가하여선정하다"
"L6-0631","屏幕","屏幕","píngmù","명","화면;스크린"
"L6-0632","坡","坡","pō","명","비탈;경사면"
"L6-0633","扑","撲","pū","동","달려들다;덮치다"
"L6-0634","铺","鋪","pū","동","펴다;깔다"
"L6-0635","欺负","欺負","qīfu","동","괴롭히다;얕보다"
"L6-0636","奇妙","奇妙","qímiào","형","기묘하다;신기하다"
"L6-0637","企图","企圖","qǐtú","동/명","꾀하다;기도;의도<PARSEDTEXTFORPAGE:15/25>"
"L6-0638","起点","起點","qǐdiǎn","명","출발점"
"L6-0639","起诉","起訴","qǐsù","동","기소하다;소송을제기하다"
"L6-0640","气氛","氣氛","qìfēn","명","분위기"
"L6-0641","恰当","恰當","qiàdàng","형","적절하다;알맞다"
"L6-0642","恰好","恰好","qiàhǎo","부","마침;공교롭게도꼭"
"L6-0643","恰恰","恰恰","qiàqià","부","바로;공교롭게도;정반대로"
"L6-0644","牵","牽","qiān","동","끌다;잡아끌다"
"L6-0645","铅笔","鉛筆","qiānbǐ","명","연필"
"L6-0646","谦虚","謙虛","qiānxū","형","겸손하다"
"L6-0647","前方","前方","qiánfāng","명","앞쪽;전방"
"L6-0648","前来","前來","qiánlái","동","찾아오다;오다"
"L6-0649","潜力","潛力","qiánlì","명","잠재력"
"L6-0650","强盗","強盜","qiángdào","명","강도"
"L6-0651","强化","強化","qiánghuà","동","강화하다"
"L6-0652","强势","強勢","qiángshì","명/형","강세;강력하다"
"L6-0653","强壮","強壯","qiángzhuàng","형/동","건장하다;튼튼하다"
"L6-0654","桥梁","橋梁","qiáoliáng","명","다리;교량;연결고리"
"L6-0655","巧妙","巧妙","qiǎomiào","형","교묘하다;절묘하다"
"L6-0656","茄子","茄子","qiézi","명","가지"
"L6-0657","切实","切實","qièshí","형","실질적이다;확실하게"
"L6-0658","侵犯","侵犯","qīnfàn","동","침범하다;침해하다"
"L6-0659","亲属","親屬","qīnshǔ","명","친척;친족"
"L6-0660","亲眼","親眼","qīnyǎn","부","직접눈으로;자신의눈으로"
"L6-0661","倾向","傾向","qīngxiàng","동/명","경향;기울다"
"L6-0662","清","清","qīng","형/동","맑다;깨끗하게하다"
"L6-0663","清洁","清潔","qīngjié","형","깨끗하다;청결하다"
"L6-0664","清洁工","清潔工","qīngjiégōng","명","청소부"
"L6-0665","清明节","清明節","Qīngmíng Jié","명","청명절"
"L6-0666","清洗","清洗","qīngxǐ","동","깨끗이씻다;세척하다"
"L6-0667","情绪","情緒","qíngxù","명","감정;정서"
"L6-0668","求职","求職","qiúzhí","동","구직하다"
"L6-0669","球拍","球拍","qiúpāi","명","라켓"
"L6-0670","球星","球星","qiúxīng","명","스타선수"
"L6-0671","球员","球員","qiúyuán","명","선수"
"L6-0672","区分","區分","qūfēn","동","구분하다"
"L6-0673","渠道","渠道","qúdào","명","경로;채널"
"L6-0674","取款","取款","qǔkuǎn","동","돈을인출하다"
"L6-0675","取款机","取款機","qǔkuǎnjī","명","현금인출기"
"L6-0676","去掉","去掉","qùdiào","표현","제거하다;없애다"
"L6-0677","权","權","quán","명","권리;권한"
"L6-0678","权力","權力","quánlì","명","권력;권한"
"L6-0679","全力","全力","quánlì","명","전력;온힘"
"L6-0680","全新","全新","quánxīn","형","완전히새로운;신제품의"
"L6-0681","券","券","quàn","명","표;쿠폰;증서"
"L6-0682","缺陷","缺陷","quēxiàn","명","결함;결점"
"L6-0683","却是","卻是","què shì","표현","오히려~이다;뜻밖에도~이다<PARSEDTEXTFORPAGE:16/25>"
"L6-0684","让座","讓座","ràngzuò","표현","자리를양보하다"
"L6-0685","热点","熱點","rèdiǎn","명","핫이슈;관심지점"
"L6-0686","热水","熱水","rèshuǐ","명","뜨거운물"
"L6-0687","热水器","熱水器","rèshuǐqì","명","온수기"
"L6-0688","热线","熱線","rèxiàn","명","핫라인;직통전화"
"L6-0689","人权","人權","rénquán","명","인권"
"L6-0690","认同","認同","rèntóng","동","인정하다;공감하다"
"L6-0691","日夜","日夜","rìyè","명","밤낮;밤낮으로"
"L6-0692","日语","日語","Rìyǔ","명","일본어"
"L6-0693","融合","融合","rónghé","동","융합하다;융합"
"L6-0694","融入","融入","róngrù","표현","녹아들다;융합되다"
"L6-0695","如","如","rú","동/접","~와같다;만약~라면"
"L6-0696","如一","如一","rúyī","동","한결같다;변함없다"
"L6-0697","乳制品","乳製品","rǔzhìpǐn","명","유제품"
"L6-0698","入","入","rù","동","들어가다;넣다"
"L6-0699","入学","入學","rùxué","표현","입학하다"
"L6-0700","若","若","ruò","접","만약~라면;~와같다"
"L6-0701","塞","塞","sāi","동","막다;틀어막다;채우다"
"L6-0702","赛","賽","sài","동","경쟁하다;시합하다"
"L6-0703","赛场","賽場","sàichǎng","명","경기장"
"L6-0704","三明治","三明治","sānmíngzhì","명","샌드위치"
"L6-0705","丧失","喪失","sàngshī","동","잃다;상실하다"
"L6-0706","山峰","山峰","shānfēng","명","산봉우리"
"L6-0707","山谷","山谷","shāngǔ","명","산골짜기;계곡"
"L6-0708","山坡","山坡","shānpō","명","산비탈"
"L6-0709","伤口","傷口","shāngkǒu","명","상처;상처난곳"
"L6-0710","伤亡","傷亡","shāngwáng","동/명","사상자;사상자가발생하다"
"L6-0711","伤员","傷員","shāngyuán","명","부상자"
"L6-0712","商城","商城","shāngchéng","명","쇼핑몰;상업도시"
"L6-0713","上当","上當","shàngdàng","표현","속다;사기를당하다"
"L6-0714","上帝","上帝","Shàngdì","명","하느님;신"
"L6-0715","上市","上市","shàngshì","표현","시장에출시되다;상장되다"
"L6-0716","上台","上台","shàngtái","표현","무대에오르다;집권하다"
"L6-0717","上演","上演","shàngyǎn","동","상연하다;공연하다"
"L6-0718","勺","勺","sháo","명","숟가락;국자"
"L6-0719","少儿","少兒","shào'ér","명","어린이;아동"
"L6-0720","舌头","舌頭","shétou","명","혀"
"L6-0721","设计师","設計師","shèjìshī","명","디자이너"
"L6-0722","涉及","涉及","shèjí","동","관련되다;관련시키다"
"L6-0723","深化","深化","shēnhuà","동","심화하다;깊이있게발전시키다"
"L6-0724","深深","深深","shēnshēn","표현","깊이;매우깊게"
"L6-0725","审查","審查","shěnchá","동","심사하다;조사하다"
"L6-0726","升级","升級","shēngjí","표현","업그레이드하다;승급하다"
"L6-0727","升学","升學","shēngxué","표현","상급학교에진학하다"
"L6-0728","升值","升值","shēngzhí","동","가치가오르다;평가절상되다"
"L6-0729","生活费","生活費","shēnghuófèi","명","생활비<PARSEDTEXTFORPAGE:17/25>"
"L6-0730","省钱","省錢","shěngqián","표현","돈을아끼다"
"L6-0731","圣诞节","聖誕節","Shèngdàn Jié","명","크리스마스"
"L6-0732","盛行","盛行","shèngxíng","동","성행하다;유행하다"
"L6-0733","师父","師父","shīfu","명","스승;사부"
"L6-0734","师生","師生","shīshēng","명","교사와학생"
"L6-0735","时而","時而","shí'ér","부","때때로;간혹"
"L6-0736","时节","時節","shíjié","명","철;시절"
"L6-0737","时期","時期","shíqī","명","시기;기간"
"L6-0738","时时","時時","shíshí","부","늘;때때로"
"L6-0739","时装","時裝","shízhuāng","명","패션;유행복"
"L6-0740","识","識","shí","동","알다;식별하다"
"L6-0741","识字","識字","shízì","표현","글을읽고쓰다;글자를알다"
"L6-0742","实践","實踐","shíjiàn","동/명","실천하다;실천"
"L6-0743","食欲","食慾","shíyù","명","식욕"
"L6-0744","市民","市民","shìmín","명","시민"
"L6-0745","事后","事後","shìhòu","명","사후;일이끝난뒤"
"L6-0746","试点","試點","shìdiǎn","동/명","시범적으로실시하다;시범사업"
"L6-0747","适当","適當","shìdàng","형","적절하다;알맞다"
"L6-0748","收藏","收藏","shōucáng","동","수집하다;소장하다"
"L6-0749","收取","收取","shōuqǔ","동","받다;징수하다"
"L6-0750","收养","收養","shōuyǎng","동","입양하다;거두어기르다"
"L6-0751","手续费","手續費","shǒuxùfèi","명","수수료"
"L6-0752","首","首","shǒu","명","첫번째;(시·노래등의)수"
"L6-0753","首次","首次","shǒucì","표현","처음으로;최초"
"L6-0754","首脑","首腦","shǒunǎo","명","수뇌;최고지도자"
"L6-0755","首席","首席","shǒuxí","명/형","수석;최고위의"
"L6-0756","首相","首相","shǒuxiàng","명","총리;수상"
"L6-0757","书房","書房","shūfáng","명","서재"
"L6-0758","薯片","薯片","shǔpiàn","명","감자칩"
"L6-0759","薯条","薯條","shǔtiáo","명","감자튀김"
"L6-0760","双打","雙打","shuāngdǎ","명","복식경기"
"L6-0761","爽","爽","shuǎng","형","상쾌하다;시원하다"
"L6-0762","水泥","水泥","shuǐní","명","시멘트"
"L6-0763","税","稅","shuì","명","세금"
"L6-0764","顺","順","shùn","형/동/개","순조롭다;~을따라;순서대로"
"L6-0765","说明书","說明書","shuōmíngshū","명","설명서;사용설명서"
"L6-0766","说实话","說實話","shuō shíhuà","표현","솔직히말하면;사실대로말하면"
"L6-0767","司长","司長","sīzhǎng","명","국장;부장"
"L6-0768","死亡","死亡","sǐwáng","동","사망하다;죽음"
"L6-0769","四处","四處","sìchù","명","사방;곳곳"
"L6-0770","寺","寺","sì","명","절;사찰"
"L6-0771","送礼","送禮","sònglǐ","표현","선물을하다;선물을보내다"
"L6-0772","送行","送行","sòngxíng","표현","배웅하다"
"L6-0773","素质","素質","sùzhì","명","소질;자질;소양"
"L6-0774","算了","算了","suànle","동","그만두다;됐다;잊어버려"
"L6-0775","算是","算是","suànshì","부","~라고할수있다;~인셈이다<PARSEDTEXTFORPAGE:18/25>"
"L6-0776","虽","雖","suī","접","비록~이지만"
"L6-0777","岁数","歲數","suìshu","명","나이"
"L6-0778","所","所","suǒ","조","~하는것(명사화보조사)"
"L6-0779","踏实","踏實","tāshi","형","착실하다;마음이놓이다"
"L6-0780","塔","塔","tǎ","명","탑"
"L6-0781","踏","踏","tà","동","밟다"
"L6-0782","台灯","檯燈","táidēng","명","책상용스탠드;탁상등"
"L6-0783","太阳能","太陽能","tàiyángnéng","명","태양에너지;태양열"
"L6-0784","叹气","嘆氣","tànqì","표현","한숨쉬다"
"L6-0785","探索","探索","tànsuǒ","동","탐색하다;탐구하다"
"L6-0786","探讨","探討","tàntǎo","동","탐구하고토론하다;논의하다"
"L6-0787","趟","趟","tàng","양","번;차례(왕복이동의양사)"
"L6-0788","掏","掏","tāo","동","꺼내다;파내다"
"L6-0789","特","特","tè","부","특히;아주"
"L6-0790","特大","特大","tèdà","형","특대의;매우큰"
"L6-0791","特地","特地","tèdì","부","특별히;일부러"
"L6-0792","特快","特快","tèkuài","형","특급;특급열차"
"L6-0793","特意","特意","tèyì","부","특별히;일부러"
"L6-0794","疼痛","疼痛","téngtòng","형","통증;아프다"
"L6-0795","踢","踢","tī","동","차다;걷어차다"
"L6-0796","提交","提交","tíjiāo","동","제출하다"
"L6-0797","提升","提升","tíshēng","동","향상시키다;높이다"
"L6-0798","天然","天然","tiānrán","형","천연의;자연적인"
"L6-0799","天堂","天堂","tiāntáng","명","천국"
"L6-0800","天下","天下","tiānxià","명","천하;세상"
"L6-0801","添","添","tiān","동","더하다;보태다"
"L6-0802","田","田","tián","명","밭;논밭"
"L6-0803","田径","田徑","tiánjìng","명","육상경기"
"L6-0804","跳水","跳水","tiàoshuǐ","동","다이빙하다"
"L6-0805","听取","聽取","tīngqǔ","동","귀담아듣다;의견을듣다"
"L6-0806","通报","通報","tōngbào","동/명","통보하다;통보"
"L6-0807","通道","通道","tōngdào","명","통로"
"L6-0808","通红","通紅","tōnghóng","형","새빨갛다;온통붉다"
"L6-0809","通话","通話","tōnghuà","표현","통화하다;통화"
"L6-0810","通行","通行","tōngxíng","동","통행하다;통행"
"L6-0811","通讯","通訊","tōngxùn","명","통신;통신하다"
"L6-0812","同","同","tóng","형/부/개","같다;~와함께;~와"
"L6-0813","同胞","同胞","tóngbāo","명","동포;같은민족사람"
"L6-0814","同行","同行","tóngháng","명","동업자;같은업계사람"
"L6-0815","同期","同期","tóngqī","명","동기;같은기간"
"L6-0816","同一","同一","tóngyī","형","동일하다;같은"
"L6-0817","铜牌","銅牌","tóngpái","명","동메달"
"L6-0818","头疼","頭疼","tóuténg","형","머리가아프다;골치아프다"
"L6-0819","投票","投票","tóupiào","표현","투표하다"
"L6-0820","透露","透露","tòulù","동","드러내다;누설하다"
"L6-0821","图书","圖書","túshū","명","도서;책<PARSEDTEXTFORPAGE:19/25>"
"L6-0822","徒弟","徒弟","túdì","명","제자;수제자"
"L6-0823","途径","途徑","tújìng","명","경로;방법"
"L6-0824","土","土","tǔ","형","토속적인;촌스러운"
"L6-0825","团队","團隊","tuánduì","명","팀;단체"
"L6-0826","推出","推出","tuīchū","동","내놓다;출시하다;추진하다"
"L6-0827","退票","退票","tuìpiào","표현","표를환불하다"
"L6-0828","吞","吞","tūn","동","삼키다"
"L6-0829","托","托|託","tuō","동","받치다;맡기다;부탁하다"
"L6-0830","拖","拖","tuō","동","끌다;미루다"
"L6-0831","拖鞋","拖鞋","tuōxié","명","슬리퍼"
"L6-0832","挖","挖","wā","동","파다;파내다"
"L6-0833","娃娃","娃娃","wáwa","명","인형;아기"
"L6-0834","哇","哇","wa","조","와!;우와!(감탄)"
"L6-0835","外币","外幣","wàibì","명","외화;외국화폐"
"L6-0836","外部","外部","wàibù","명","외부"
"L6-0837","外出","外出","wàichū","동","외출하다"
"L6-0838","外观","外觀","wàiguān","명","외관;겉모습"
"L6-0839","外科","外科","wàikē","명","외과"
"L6-0840","外来","外來","wàilái","형","외래의;외부에서온"
"L6-0841","外头","外頭","wàitou","명","밖;바깥"
"L6-0842","外衣","外衣","wàiyī","명","겉옷"
"L6-0843","外资","外資","wàizī","명","외자;외국자본"
"L6-0844","弯曲","彎曲","wānqū","형","굽다;구부러져있다"
"L6-0845","顽皮","頑皮","wánpí","형","장난꾸러기이다;개구지다"
"L6-0846","顽强","頑強","wánqiáng","형","완강하다;끈질기다"
"L6-0847","王后","王后","wánghòu","명","왕비"
"L6-0848","王子","王子","wángzǐ","명","왕자"
"L6-0849","网吧","網吧","wǎngbā","명","PC방;인터넷카페"
"L6-0850","网页","網頁","wǎngyè","명","웹페이지"
"L6-0851","往后","往後","wǎnghòu","명","앞으로;이후"
"L6-0852","往来","往來","wǎnglái","동","왕래하다;오가다"
"L6-0853","往年","往年","wǎngnián","명","지난해들;예년"
"L6-0854","望见","望見","wàngjiàn","표현","바라보다가보이다;멀리서보다"
"L6-0855","危机","危機","wēijī","명","위기"
"L6-0856","威胁","威脅","wēixié","동","위협하다;위협"
"L6-0857","微波炉","微波爐","wēibōlú","명","전자레인지"
"L6-0858","维生素","維生素","wéishēngsù","명","비타민"
"L6-0859","为此","為此","wèicǐ","접","이를위해;이때문에"
"L6-0860","为何","為何","wèihé","부","왜;무엇때문에"
"L6-0861","文娱","文娛","wényú","명","문화·오락;문화오락활동"
"L6-0862","卧铺","臥鋪","wòpù","명","침대칸;침대좌석"
"L6-0863","乌云","烏雲","wūyún","명","먹구름"
"L6-0864","无边","無邊","wúbiān","동","끝이없다;무한하다"
"L6-0865","无关","無關","wúguān","동","관계없다"
"L6-0866","无效","無效","wúxiào","동","효과가없다;무효이다"
"L6-0867","舞蹈","舞蹈","wǔdǎo","명","춤;무용<PARSEDTEXTFORPAGE:20/25>"
"L6-0868","物品","物品","wùpǐn","명","물품;물건"
"L6-0869","误","誤","wù","동","잘못하다;오해하다"
"L6-0870","西班牙语","西班牙語","Xībānyáyǔ","명","스페인어"
"L6-0871","吸毒","吸毒","xīdú","표현","마약을하다;마약을흡입하다"
"L6-0872","牺牲","犧牲","xīshēng","동/명","희생하다;희생"
"L6-0873","洗衣粉","洗衣粉","xǐyīfěn","명","세탁용가루세제"
"L6-0874","戏曲","戲曲","xìqǔ","명","중국전통극"
"L6-0875","细胞","細胞","xìbāo","명","세포"
"L6-0876","细菌","細菌","xìjūn","명","세균;박테리아"
"L6-0877","先锋","先鋒","xiānfēng","명","선봉;선구자"
"L6-0878","嫌","嫌","xián","동","싫어하다;꺼리다"
"L6-0879","显出","顯出","xiǎnchū","표현","드러내다;나타내다"
"L6-0880","险","險","xiǎn","형","위험하다;험하다"
"L6-0881","线路","線路","xiànlù","명","노선;선로;회선"
"L6-0882","陷入","陷入","xiànrù","동","빠지다;빠져들다"
"L6-0883","响声","響聲","xiǎngshēng","명","소리;울리는소리"
"L6-0884","想不到","想不到","xiǎngbudào","동","뜻밖이다;생각지도못하다"
"L6-0885","消耗","消耗","xiāohào","동/명","소모하다;소모"
"L6-0886","消灭","消滅","xiāomiè","동","소멸시키다;없애다"
"L6-0887","小费","小費","xiǎofèi","명","팁;봉사료"
"L6-0888","小麦","小麥","xiǎomài","명","밀"
"L6-0889","小于","小於","xiǎoyú","동","~보다작다"
"L6-0890","晓得","曉得","xiǎode","동","알다;이해하다"
"L6-0891","笑脸","笑臉","xiàoliǎn","명","웃는얼굴;웃는표정"
"L6-0892","笑容","笑容","xiàoróng","명","미소;웃는표정"
"L6-0893","笑声","笑聲","xiàoshēng","명","웃음소리"
"L6-0894","协会","協會","xiéhuì","명","협회"
"L6-0895","协商","協商","xiéshāng","동","협상하다;협의하다"
"L6-0896","协调","協調","xiétiáo","동/형","조정하다;조화롭다"
"L6-0897","协助","協助","xiézhù","동","협조하다;돕다"
"L6-0898","写字楼","寫字樓","xiězìlóu","명","오피스빌딩;사무용건물"
"L6-0899","写字台","寫字檯","xiězìtái","명","책상;서재용책상"
"L6-0900","心灵","心靈","xīnlíng","명","마음;정신"
"L6-0901","心愿","心願","xīnyuàn","명","소원;바람"
"L6-0902","心脏","心臟","xīnzàng","명","심장"
"L6-0903","心脏病","心臟病","xīnzàngbìng","명","심장병"
"L6-0904","新人","新人","xīnrén","명","신인;새로온사람"
"L6-0905","新兴","新興","xīnxīng","형","신흥의;새롭게발전하는"
"L6-0906","薪水","薪水","xīnshui","명","급여;월급"
"L6-0907","信仰","信仰","xìnyǎng","동","신앙하다;신앙"
"L6-0908","信用","信用","xìnyòng","명","신용;신뢰"
"L6-0909","兴旺","興旺","xīngwàng","형","번성하다;융성하다"
"L6-0910","行程","行程","xíngchéng","명","일정;여정"
"L6-0911","形","形","xíng","명","형태;모양"
"L6-0912","凶","凶|兇","xiōng","형","흉악하다;사납다"
"L6-0913","凶手","兇手","xiōngshǒu","명","흉악범;살인범<PARSEDTEXTFORPAGE:21/25>"
"L6-0914","修车","修車","xiū chē","표현","차를수리하다"
"L6-0915","袖珍","袖珍","xiùzhēn","형","소형의;포켓사이즈의"
"L6-0916","悬","懸","xuán","동","매달다;걸다;미결상태이다"
"L6-0917","旋转","旋轉","xuánzhuǎn","동","회전하다;돌리다"
"L6-0918","选拔","選拔","xuǎnbá","동","선발하다"
"L6-0919","选举","選舉","xuǎnjǔ","동/명","선거;선출하다"
"L6-0920","学会","學會","xuéhuì","명","학회;학회모임"
"L6-0921","学员","學員","xuéyuán","명","수강생;연수생"
"L6-0922","血管","血管","xuèguǎn","명","혈관"
"L6-0923","血液","血液","xuèyè","명","혈액"
"L6-0924","循环","循環","xúnhuán","동","순환하다;순환"
"L6-0925","压迫","壓迫","yāpò","동","압박하다;억압하다"
"L6-0926","烟花","煙花","yānhuā","명","불꽃놀이;폭죽"
"L6-0927","沿","沿","yán","개","~을따라"
"L6-0928","沿海","沿海","yánhǎi","명","연해;해안지역"
"L6-0929","沿着","沿著","yánzhe","표현","~을따라"
"L6-0930","研发","研發","yánfā","동","연구개발하다;연구개발"
"L6-0931","眼看","眼看","yǎnkàn","동/부","눈앞에다가오다;곧~하려하다"
"L6-0932","演奏","演奏","yǎnzòu","동","연주하다"
"L6-0933","宴会","宴會","yànhuì","명","연회;잔치"
"L6-0934","洋","洋","yáng","형","서양의;외국의"
"L6-0935","仰","仰","yǎng","동","우러러보다;올려다보다"
"L6-0936","养老","養老","yǎnglǎo","표현","노후를부양하다;양로"
"L6-0937","氧气","氧氣","yǎngqì","명","산소"
"L6-0938","样","樣","yàng","명/양","모양;종류(양사)"
"L6-0939","药品","藥品","yàopǐn","명","의약품;약품"
"L6-0940","要不然","要不然","yàobùrán","접","그렇지않으면"
"L6-0941","要好","要好","yàohǎo","형","사이가좋다;친하다"
"L6-0942","要么","要麼","yàome","접","~하거나;아니면"
"L6-0943","要素","要素","yàosù","명","요소"
"L6-0944","野","野","yě","형","야생의;거칠다"
"L6-0945","野生","野生","yěshēng","형","야생의"
"L6-0946","医药","醫藥","yīyào","명","의약;의료와약품"
"L6-0947","依次","依次","yīcì","부","차례대로"
"L6-0948","依赖","依賴","yīlài","동","의존하다;의지하다"
"L6-0949","一次性","一次性","yīcìxìng","형","일회용의;한번에하는"
"L6-0950","一代","一代","yīdài","명","한세대;한시대"
"L6-0951","一道","一道","yīdào","부","함께;같이"
"L6-0952","一贯","一貫","yīguàn","형","일관되게;줄곧"
"L6-0953","一路上","一路上","yīlù shang","표현","가는길내내;오는동안내내"
"L6-0954","仪器","儀器","yíqì","명","기기;측정장비"
"L6-0955","仪式","儀式","yíshì","명","의식;행사"
"L6-0956","遗憾","遺憾","yíhàn","형/명","유감이다;유감"
"L6-0957","一番","一番","yīfān","표현","한바탕;한차례"
"L6-0958","一模一样","一模一樣","yīmú-yīyàng","성","똑같다;판박이처럼같다"
"L6-0959","一齐","一齊","yīqí","부","일제히;함께<PARSEDTEXTFORPAGE:22/25>"
"L6-0960","一时","一時","yīshí","명/부","한때;잠시"
"L6-0961","一同","一同","yītóng","부","함께;같이"
"L6-0962","一行","一行","yīxíng","명","일행;한줄"
"L6-0963","艺人","藝人","yìrén","명","연예인;예술인"
"L6-0964","议题","議題","yìtí","명","의제;논의주제"
"L6-0965","异常","異常","yìcháng","형/부","이상하다;예외적으로"
"L6-0966","意想不到","意想不到","yìxiǎng bù dào","표현","뜻밖이다;예상하지못하다"
"L6-0967","意愿","意願","yìyuàn","명","의향;의지"
"L6-0968","因","因","yīn","개/접","~때문에;~로인해"
"L6-0969","因素","因素","yīnsù","명","요인;요소"
"L6-0970","阴谋","陰謀","yīnmóu","명","음모"
"L6-0971","阴影","陰影","yīnyǐng","명","그늘;부정적인영향"
"L6-0972","音量","音量","yīnliàng","명","음량;볼륨"
"L6-0973","音像","音像","yīnxiàng","명","음향·영상;시청각자료"
"L6-0974","隐藏","隱藏","yǐncáng","동","숨기다;감추다"
"L6-0975","隐私","隱私","yǐnsī","명","사생활;프라이버시"
"L6-0976","印","印","yìn","동","찍다;인쇄하다"
"L6-0977","英雄","英雄","yīngxióng","명","영웅"
"L6-0978","迎来","迎來","yínglái","표현","맞이하다;맞게되다"
"L6-0979","影迷","影迷","yǐngmí","명","영화팬"
"L6-0980","影星","影星","yǐngxīng","명","영화배우;영화스타"
"L6-0981","应对","應對","yìngduì","동","대응하다;대처하다"
"L6-0982","应急","應急","yìngjí","표현","응급상황에대처하다;긴급대응"
"L6-0983","用处","用處","yòngchù","명","용도;쓸모"
"L6-0984","用得着","用得著","yòngdezháo","동","쓸필요가있다;쓸모가있다"
"L6-0985","用法","用法","yòngfǎ","명","용법;사용법"
"L6-0986","用品","用品","yòngpǐn","명","용품"
"L6-0987","用心","用心","yòngxīn","명","마음을쓰다;정성을들이다"
"L6-0988","优质","優質","yōuzhì","형","우수한품질의;양질의"
"L6-0989","游人","遊人","yóurén","명","관광객;유람객"
"L6-0990","游玩","遊玩","yóuwán","동","놀러다니다;관광하다"
"L6-0991","游戏机","遊戲機","yóuxìjī","명","게임기"
"L6-0992","游行","遊行","yóuxíng","동","시위행진하다;퍼레이드하다"
"L6-0993","有关","有關","yǒuguān","동","관련되다;관계가있다"
"L6-0994","有没有","有沒有","yǒu méiyǒu","표현","있는지없는지;있느냐없느냐"
"L6-0995","有事","有事","yǒushì","동","일이있다;용무가있다"
"L6-0996","于","于|於","yú","개","~에;~에서;~에관하여"
"L6-0997","娱乐","娛樂","yúlè","동/명","오락;즐겁게하다"
"L6-0998","愉快","愉快","yúkuài","형","유쾌하다;즐겁다"
"L6-0999","与","與","yǔ","개/접","~와;~과;~에게"
"L6-1000","宇航员","宇航員","yǔhángyuán","명","우주비행사"
"L6-1001","雨衣","雨衣","yǔyī","명","우비;비옷"
"L6-1002","预约","預約","yùyuē","동","예약하다"
"L6-1003","元素","元素","yuánsù","명","원소;요소"
"L6-1004","园","園","yuán","명","정원;공원"
"L6-1005","园地","園地","yuándì","명","터전;활동영역<PARSEDTEXTFORPAGE:23/25>"
"L6-1006","原","原","yuán","형","원래의;본래의"
"L6-1007","原告","原告","yuángào","명","원고"
"L6-1008","原谅","原諒","yuánliàng","동","용서하다"
"L6-1009","圆珠笔","圓珠筆","yuánzhūbǐ","명","볼펜"
"L6-1010","援助","援助","yuánzhù","동","원조하다;지원"
"L6-1011","缘故","緣故","yuángù","명","이유;까닭"
"L6-1012","远方","遠方","yuǎnfāng","명","먼곳"
"L6-1013","远离","遠離","yuǎnlí","동","멀리떨어지다;멀리하다"
"L6-1014","远远","遠遠","yuǎnyuǎn","표현","아주멀리;훨씬"
"L6-1015","约定","約定","yuēdìng","동","약속하다;약정"
"L6-1016","乐曲","樂曲","yuèqǔ","명","악곡;음악작품"
"L6-1017","晕","暈","yūn","동/형","어지럽다;현기증이나다"
"L6-1018","允许","允許","yǔnxǔ","동","허락하다;허용하다"
"L6-1019","运作","運作","yùnzuò","동","운영하다;작동하다"
"L6-1020","晕车","暈車","yùnchē","표현","차멀미하다"
"L6-1021","杂","雜","zá","형","뒤섞이다;잡다하다"
"L6-1022","再生","再生","zàishēng","동","재생하다;재생"
"L6-1023","再说","再說","zàishuō","동/접","나중에다시말하다;게다가"
"L6-1024","遭到","遭到","zāodào","표현","~을당하다;~을입다"
"L6-1025","遭受","遭受","zāoshòu","동","당하다;입다"
"L6-1026","遭遇","遭遇","zāoyù","동/명","겪다;처하다;경험"
"L6-1027","早晚","早晚","zǎowǎn","명/부","조만간;아침저녁"
"L6-1028","增进","增進","zēngjìn","동","증진하다;향상시키다"
"L6-1029","增值","增值","zēngzhí","동","가치를높이다;부가가치를만들다"
"L6-1030","扎","扎|紮","zhā","동","묶다;찌르다"
"L6-1031","扎实","紮實","zhāshi","형","탄탄하다;착실하다"
"L6-1032","炸","炸","zhà","동","튀기다;폭발하다"
"L6-1033","炸弹","炸彈","zhàdàn","명","폭탄"
"L6-1034","炸药","炸藥","zhàyào","명","폭약;폭발물"
"L6-1035","债","債","zhài","명","빚;부채"
"L6-1036","占据","佔據","zhànjù","동","차지하다;점유하다"
"L6-1037","战场","戰場","zhànchǎng","명","전장"
"L6-1038","战略","戰略","zhànlüè","명","전략"
"L6-1039","战术","戰術","zhànshù","명","전술"
"L6-1040","战友","戰友","zhànyǒu","명","전우"
"L6-1041","站台","站臺","zhàntái","명","승강장;플랫폼"
"L6-1042","章","章","zhāng","양","장;(문서의)장·편(양사)"
"L6-1043","长（秘书长）","長（秘書長）","zhǎng (mìshūzhǎng)","접미","~장;책임자·장관등을나타내는접미요소"
"L6-1044","掌声","掌聲","zhǎngshēng","명","박수;박수소리"
"L6-1045","账","賬","zhàng","명","장부;빚;계산서"
"L6-1046","账户","賬戶","zhànghù","명","계좌"
"L6-1047","涨","漲","zhàng","동","(가격·수량이)오르다;불어나다"
"L6-1048","障碍","障礙","zhàng'ài","명/동","장애;방해하다"
"L6-1049","招","招","zhāo","동","부르다;모집하다;방법"
"L6-1050","招聘","招聘","zhāopìn","동","채용하다;모집하다"
"L6-1051","照样","照樣","zhàoyàng","부","여전히;예전처럼<PARSEDTEXTFORPAGE:24/25>"
"L6-1052","照耀","照耀","zhàoyào","동","비추다;빛나다"
"L6-1053","哲学","哲學","zhéxué","명","철학"
"L6-1054","这就是说","這就是說","zhè jiùshì shuō","표현","즉;다시말하면"
"L6-1055","镇","鎮","zhèn","동/명","진압하다;진;읍"
"L6-1056","争夺","爭奪","zhēngduó","동","쟁탈하다;다투어차지하다"
"L6-1057","整顿","整頓","zhěngdùn","동","정돈하다;정비하다"
"L6-1058","整治","整治","zhěngzhì","동","정비하다;다스리다;손질하다"
"L6-1059","正当","正當","zhèngdàng","형","정당하다;정당한"
"L6-1060","政策","政策","zhèngcè","명","정책"
"L6-1061","政党","政黨","zhèngdǎng","명","정당"
"L6-1062","政权","政權","zhèngquán","명","정권"
"L6-1063","症状","症狀","zhèngzhuàng","명","증상"
"L6-1064","之类","之類","zhīlèi","명","~와같은것;~류"
"L6-1065","支撑","支撐","zhīchēng","동","지탱하다;지지하다"
"L6-1066","支援","支援","zhīyuán","동/명","지원하다;지원"
"L6-1067","枝","枝","zhī","명/양","가지;나뭇가지(양사)"
"L6-1068","知名","知名","zhīmíng","형","유명하다;저명하다"
"L6-1069","织","織","zhī","동","짜다;직조하다"
"L6-1070","直升机","直升機","zhíshēngjī","명","헬리콥터"
"L6-1071","职责","職責","zhízé","명","직책;책임"
"L6-1072","止","止","zhǐ","동","멈추다;그치다"
"L6-1073","只得","只得","zhǐdé","부","어쩔수없이~하다;~할수밖에없다"
"L6-1074","只顾","只顧","zhǐgù","부","오로지~에만신경쓰다"
"L6-1075","只管","只管","zhǐguǎn","부","마음놓고~하다;그저~하면된다"
"L6-1076","指定","指定","zhǐdìng","동","지정하다"
"L6-1077","指数","指數","zhǐshù","명","지수"
"L6-1078","指头","指頭","zhǐtou","명","손가락"
"L6-1079","指着","指著","zhǐzhe","표현","가리키며;손가락으로가리키다"
"L6-1080","至于","至於","zhìyú","동/개","~에관해서는;~에이르러서는"
"L6-1081","治病","治病","zhì bìng","표현","병을치료하다"
"L6-1082","智慧","智慧","zhìhuì","명","지혜"
"L6-1083","中等","中等","zhōngděng","형","중등의;중간정도의"
"L6-1084","中华","中華","Zhōnghuá","명","중화;중국"
"L6-1085","中期","中期","zhōngqī","명","중기"
"L6-1086","中外","中外","zhōngwài","명","중국과외국;국내외"
"L6-1087","忠心","忠心","zhōngxīn","명","충성심"
"L6-1088","钟头","鐘頭","zhōngtóu","명","시간;한시간"
"L6-1089","肿","腫","zhǒng","동","붓다;부어오르다"
"L6-1090","种种","種種","zhǒngzhǒng","대","여러가지;각종"
"L6-1091","粥","粥","zhōu","명","죽"
"L6-1092","珠宝","珠寶","zhūbǎo","명","보석;귀금속"
"L6-1093","诸位","諸位","zhūwèi","대","여러분;여러분들"
"L6-1094","主持人","主持人","zhǔchírén","명","사회자;진행자"
"L6-1095","主角","主角","zhǔjué","명","주인공;주역"
"L6-1096","主流","主流","zhǔliú","명","주류"
"L6-1097","煮","煮","zhǔ","동","삶다;끓이다<PARSEDTEXTFORPAGE:25/25>"
"L6-1098","住宅","住宅","zhùzhái","명","주택"
"L6-1099","驻","駐","zhù","동","주둔하다;상주하다"
"L6-1100","柱子","柱子","zhùzi","명","기둥"
"L6-1101","祝愿","祝願","zhùyuàn","동","축원하다;기원하다"
"L6-1102","专用","專用","zhuānyòng","동","전용하다;전용의"
"L6-1103","转","轉","zhuàn","동","돌다;방향을바꾸다;전환하다"
"L6-1104","转动","轉動","zhuàndòng","동","회전하다;돌리다"
"L6-1105","赚","賺","zhuàn","동","벌다;이익을얻다"
"L6-1106","赚钱","賺錢","zhuànqián","표현","돈을벌다"
"L6-1107","装备","裝備","zhuāngbèi","동/명","장비하다;장비"
"L6-1108","壮观","壯觀","zhuàngguān","형/명","장관이다;웅장하다"
"L6-1109","追究","追究","zhuījiū","동","추궁하다;끝까지따지다"
"L6-1110","捉","捉","zhuō","동","잡다;붙잡다"
"L6-1111","咨询","咨詢","zīxún","동","상담하다;문의하다"
"L6-1112","自来水","自來水","zìláishuǐ","명","수돗물"
"L6-1113","自我","自我","zìwǒ","대","자아;자기자신"
"L6-1114","自学","自學","zìxué","동","독학하다;혼자공부하다"
"L6-1115","自言自语","自言自語","zìyán-zìyǔ","성","혼잣말하다;혼잣말"
"L6-1116","自在","自在","zìzai","형","편안하다;자유롭다"
"L6-1117","宗教","宗教","zōngjiào","명","종교"
"L6-1118","总部","總部","zǒngbù","명","본부"
"L6-1119","总监","總監","zǒngjiān","명","총감;총괄책임자"
"L6-1120","总经理","總經理","zǒngjīnglǐ","명","총경리;총지배인;대표이사"
"L6-1121","总量","總量","zǒngliàng","명","총량"
"L6-1122","走私","走私","zǒusī","표현","밀수하다;밀수"
"L6-1123","奏","奏","zòu","동","연주하다;아뢰다"
"L6-1124","租金","租金","zūjīn","명","임대료;집세"
"L6-1125","足","足","zú","형/부","충분하다;충분히"
"L6-1126","足以","足以","zúyǐ","동","충분히~할수있다;~하기에충분하다"
"L6-1127","族","族","zú","명","족;무리;~족"
"L6-1128","族（上班族）","族（上班族）","zú (shàngbānzú)","접미","~족;같은부류의사람들을나타내는접미요소"
"L6-1129","祖父","祖父","zǔfù","명","할아버지;조부"
"L6-1130","祖国","祖國","zǔguó","명","조국"
"L6-1131","祖母","祖母","zǔmǔ","명","할머니;조모"
"L6-1132","钻","鑽","zuān","동","뚫다;파고들다"
"L6-1133","最佳","最佳","zuìjiā","형","최고의;가장좋은"
"L6-1134","最终","最終","zuìzhōng","명","최종;최종적으로"
"L6-1135","罪","罪","zuì","명","죄;죄악"
"L6-1136","罪恶","罪惡","zuì'è","명","죄악;악행"
"L6-1137","作","作","zuò","동","하다;행하다;만들다"
"L6-1138","作废","作廢","zuòfèi","동","폐기하다;무효로하다"
"L6-1139","作战","作戰","zuòzhàn","동","작전하다;전투하다"
"L6-1140","座谈会","座談會","zuòtánhuì","명","좌담회;간담회"
